{
    "mapData": [
        {
            "x": 0,
            "y": 45,
            "sx": 100,
            "sy": 10,
            "id": 2
        },
        {
            "x": 7.291666666666667,
            "y": 42.61363636363636,
            "sx": 2,
            "sy": 5,
            "id": 0
        },
        {
            "x": 20,
            "y": 35,
            "sx": 10,
            "sy": 10,
            "id": 2
        }
    ]
}